﻿set,jarPicture,A,B,colorSequence
set1,C:\\Users\\que_d\\Documents\\McGill\\LepageLab\\psychopyExperiment_github\\BeadsTask\\BeadPicturesExp\\picture1_YB.png,Yellow,DarkBlue,ABABAAABAA
set2,C:\\Users\\que_d\\Documents\\McGill\\LepageLab\\psychopyExperiment_github\\BeadsTask\\BeadPicturesExp\\picture2_RG.png,Maroon,Lime,BAAAABAAAA
set3,C:\\Users\\que_d\\Documents\\McGill\\LepageLab\\psychopyExperiment_github\\BeadsTask\\BeadPicturesExp\\picture3_GB.png,Lime,DarkBlue,AABAAABAAA
set4,C:\\Users\\que_d\\Documents\\McGill\\LepageLab\\psychopyExperiment_github\\BeadsTask\\BeadPicturesExp\\picture4_BR.png,DarkBlue,Maroon,AAABAAABAA
